Name of the school,Addition,Subtraction,Multiplication,Division
GLPS  ANKANA SETTY MOLE,0,1,0,0
GLPS  HEBACHALLI,1,1,0,1
GLPS DEMAHALLI MOLE,1,1,0,0
GLPS DEMAHALLI MOLE,1,1,0,0
GLPS DEMAHALLI MOLE,1,1,0,0
GHPS  MUDALA AGRAHARA,0,0,0,0
GHPS  MUDALA AGRAHARA,1,0,0,0
GHPS  MUDALA AGRAHARA,1,1,0,1
GHPS  BANAHALLI,1,0,0,0
GHPS  BANAHALLI,0,1,0,0
GHPS  BANAHALLI,1,0,0,0
GHPS  BANAHALLI,1,0,0,0
GHPS  BANAHALLI,0,0,0,0
GHPS  BANAHALLI,1,1,0,1
GHPS DEMAHALLI,0,0,0,0
GHPS DEMAHALLI,1,1,0,1
GHPS DEMAHALLI,1,1,0,0
GHPS DEMAHALLI,0,0,0,0
GHPS DEMAHALLI,1,1,0,1
GHPS DEMAHALLI,0,1,0,1
GHPS DEMAHALLI,0,0,0,0
GHPS  KAMARA VADI,0,0,0,0
GHPS  KAMARA VADI,1,0,0,0
GHPS  KAMARA VADI,1,0,0,0
GHPS  KAMARA VADI,1,1,0,0
GHPS  KAMARA VADI,1,0,0,1
GLPS THUMMALAPALLI,1,1,1,1
GLPS THUMMALAPALLI,1,1,1,1
GLPS VEMPALLI,1,1,1,1
GLPS VEMPALLI,1,1,0,1
GLPS NEELAPALLI,1,1,0,0
GOVERNMENT LOWER PRIMARY SCHOOL BODIGUNDLAPALLI,0,1,0,1
GOVERNMENT LOWER PRIMARY SCHOOL BODIGUNDLAPALLI,1,1,1,1
GOVERNMENT LOWER PRIMARY SCHOOL BODIGUNDLAPALLI,0,1,1,1
GOVERNMENT LOWER PRIMARY SCHOOL KOTHAPALLI,1,1,0,1
GOVERNMENT LOWER PRIMARY SCHOOL KOTHAPALLI,0,1,0,0
GLPS NEELAPALLI,0,0,0,0
GLPS NEELAPALLI,1,1,0,0
GLPS DIGAVAKOTE,0,0,0,0
GLPS VEMPALLI,1,1,1,1
GOVERNMENT LOWER PRIMARY SCHOOL DIGAVAPALLI,1,0,1,1
GLPS NEELAPALLI,0,0,0,0
GHPS PEDDUR,1,1,0,1
GOVERNMENT LOWER PRIMARY SCHOOL GOWNICHERUVAPALLI,0,0,0,0
GOVERNMENT LOWER PRIMARY SCHOOL KOTHAPALLI,1,0,0,0
GLPS DIGAVAKOTE,0,0,0,0
GLPS THUMMALAPALLI,1,1,0,1
GOVERNMENT LOWER PRIMARY SCHOOL KORAKONAHALLI,1,1,0,0
GOVERNMENT LOWER PRIMARY SCHOOL BODIGUNDLAPALLI,1,1,0,0
GLPS VEMPALLI,1,1,0,1
GOVERNMENT LOWER PRIMARY SCHOOL BODIGUNDLAPALLI,0,1,0,1
GOVERNMENT LOWER PRIMARY SCHOOL DIGAVAPALLI,1,1,0,0
GLPS PATHAKOTE,1,0,1,1
GLPS THUMMALAPALLI,1,1,1,1
GOVERNMENT LOWER PRIMARY SCHOOL BODIGUNDLAPALLI,1,1,0,1
GOVERNMENT LOWER PRIMARY SCHOOL BODIGUNDLAPALLI,1,1,0,1
GOVERNMENT LOWER PRIMARY SCHOOL DIGAVAPALLI,1,0,1,0
GOVERNMENT LOWER PRIMARY SCHOOL GOWNICHERUVAPALLI,1,0,0,0
GLPS DIGAVAKOTE,1,0,0,1
GOVERNMENT LOWER PRIMARY SCHOOL DIGAVAPALLI,1,1,1,1
GOVERNMENT LOWER PRIMARY SCHOOL GOWNICHERUVAPALLI,1,1,0,0
GOVERNMENT LOWER PRIMARY SCHOOL DIGAVAPALLI,1,1,0,0
GOVERNMENT LOWER PRIMARY SCHOOL KOTHAPALLI,1,1,0,0
GOVERNMENT LOWER PRIMARY SCHOOL KOTHAPALLI,1,1,0,0
GMHPS BHARAMASAGARA,1,1,1,1
GMHPS BHARAMASAGARA,1,1,0,1
GMHPS BHARAMASAGARA,1,1,1,1
GMHPS BHARAMASAGARA,1,0,1,1
GMHPS BHARAMASAGARA,0,1,1,1
GMHPS BHARAMASAGARA,1,1,0,1
GMHPS BHARAMASAGARA,1,0,0,0
GMHPS BHARAMASAGARA,1,1,0,0
GMHPS BHARAMASAGARA,0,1,0,0
GMHPS BHARAMASAGARA,0,1,0,0
GMHPS BHARAMASAGARA,1,1,0,0
GMHPS BHARAMASAGARA,0,1,0,0
GMHPS BHARAMASAGARA,1,1,0,1
GMHPS BHARAMASAGARA,1,0,0,1
GMHPS BHARAMASAGARA,0,1,0,0
GMHPS BHARAMASAGARA,1,1,0,0
GMHPS BHARAMASAGARA,1,0,0,0
GMHPS BHARAMASAGARA,0,0,0,0
GMHPS BHARAMASAGARA,1,1,0,0
GMHPS BHARAMASAGARA,1,1,0,0
GMHPS BHARAMASAGARA,1,1,0,1
GMHPS BHARAMASAGARA,1,0,0,1
GMHPS BHARAMASAGARA,1,1,0,0
GMHPS BHARAMASAGARA,1,1,0,1
GMHPS BHARAMASAGARA,1,0,0,1
GMHPS BHARAMASAGARA,0,0,0,0
GMHPS BHARAMASAGARA,1,0,0,0
GMHPS BHARAMASAGARA,1,1,0,0
GMHPS BHARAMASAGARA,1,0,0,1
GMHPS BHARAMASAGARA,1,1,0,1
GMHPS BHARAMASAGARA,1,0,0,0
GMHPS BHARAMASAGARA,1,0,1,1
GMHPS BHARAMASAGARA,1,0,0,0
GMHPS BHARAMASAGARA,1,0,0,0
GMHPS BHARAMASAGARA,1,0,0,0
GMHPS BHARAMASAGARA,1,1,0,1
GMHPS BHARAMASAGARA,1,0,0,0
GMHPS BHARAMASAGARA,1,1,0,0
GMHPS BHARAMASAGARA,1,0,0,0
GMHPS BHARAMASAGARA,1,0,0,0
GMHPS BHARAMASAGARA,0,0,0,0
GMHPS BHARAMASAGARA,1,0,0,0
GMHPS BHARAMASAGARA,1,0,0,0
GMHPS BHARAMASAGARA,0,0,0,0
GMHPS BHARAMASAGARA,1,0,0,0
GMHPS BHARAMASAGARA,0,1,1,1
GMHPS BHARAMASAGARA,1,1,0,0
GMHPS BHARAMASAGARA,1,0,0,0
GMHPS BHARAMASAGARA,1,1,0,0
GMHPS BHARAMASAGARA,1,1,0,0
GHPS BEVINAHALLI,1,1,0,1
GHPS BEVINAHALLI,0,0,0,0
GHPS BEVINAHALLI,1,1,0,0
GHPS BEVINAHALLI,0,0,0,0
GHPS BEVINAHALLI,0,0,0,0
GHPS BEVINAHALLI,1,0,1,0
GHPS BEVINAHALLI,0,0,0,0
GHPS BEVINAHALLI,1,1,0,0
GHPS BEVINAHALLI,1,1,0,0
GHPS BEVINAHALLI,1,1,0,0
GHPS BEVINAHALLI,1,1,0,0
GHPS BEVINAHALLI,1,1,0,0
GHPS BEVINAHALLI,0,0,0,0
GHPS BEVINAHALLI,0,1,0,0
GLPS AK COLONY,1,0,0,1
GLPS BARAMASAGARA GOLLARAHATTI,1,1,0,0
GLPS BARAMASAGARA GOLLARAHATTI,1,1,0,0
GMHPS BHARAMASAGARA,1,0,0,0
GMHPS BHARAMASAGARA,0,0,0,0
GMCS JANTLI SHIRUR,1,1,1,1
GMCS JANTLI SHIRUR,1,1,1,1
GMCS JANTLI SHIRUR,1,1,1,1
GMCS JANTLI SHIRUR,1,1,1,1
GMCS JANTLI SHIRUR,1,1,1,1
GMCS JANTLI SHIRUR,1,1,1,1
GMCS JANTLI SHIRUR,1,1,0,1
GMCS JANTLI SHIRUR,1,1,1,1
GMCS JANTLI SHIRUR,1,1,1,1
GMCS JANTLI SHIRUR,1,1,1,1
GMCS JANTLI SHIRUR,1,1,1,1
GMCS JANTLI SHIRUR,1,1,1,1
GMCS JANTLI SHIRUR,1,1,1,1
GMCS JANTLI SHIRUR,1,1,1,1
GMCS JANTLI SHIRUR,1,1,1,1
GMCS JANTLI SHIRUR,1,1,1,1
GMCS JANTLI SHIRUR,1,1,1,1
GMCS JANTLI SHIRUR,1,1,0,1
GHPKGS SHIRUR,0,1,1,1
GHPKGS SHIRUR,1,1,1,1
GHPKGS SHIRUR,1,1,0,1
GHPKGS SHIRUR,1,1,1,1
GHPKGS SHIRUR,1,1,1,1
GHPKGS SHIRUR,0,0,0,0
GHPKGS SHIRUR,1,1,1,1
GHPKGS SHIRUR,1,1,1,1
GHPKGS SHIRUR,1,1,1,1
GHPKGS SHIRUR,1,1,1,1
GHPKGS SHIRUR,1,1,1,1
GHPKGS SHIRUR,1,1,1,1
GHPKGS SHIRUR,1,1,1,0
GHPKGS SHIRUR,1,1,1,1
GHPKGS SHIRUR,1,1,1,1
GHPKGS SHIRUR,1,1,1,1
GHPKGS SHIRUR,1,1,1,1
GHPKGS SHIRUR,0,1,1,1
GHPKGS SHIRUR,1,1,1,1
GHPKGS SHIRUR,1,1,1,1
GHPKGS SHIRUR,1,1,1,1
GOVT.HIGHER PRIMARY SCHOOL HANCHINAL U,1,1,1,1
GOVT.HIGHER PRIMARY SCHOOL HANCHINAL U,1,1,1,1
GOVT.HIGHER PRIMARY SCHOOL KANUR,1,1,1,1
GOVT.HIGHER PRIMARY SCHOOL KANUR,1,1,1,1
GOVT.HIGHER PRIMARY SCHOOL KANUR,1,1,1,1
GOVT.HIGHER PRIMARY SCHOOL KANUR,1,1,1,1
GOVT.HIGHER PRIMARY SCHOOL KANUR,1,1,1,1
GOVT.HIGHER PRIMARY SCHOOL KANUR,1,1,1,1
GOVT.HIGHER PRIMARY SCHOOL KANUR,1,1,1,1
GOVT.HIGHER PRIMARY SCHOOL KANUR,1,1,1,1
GOVT.HIGHER PRIMARY SCHOOL KANUR,1,1,1,1
GOVT.HIGHER PRIMARY SCHOOL KANUR,1,1,1,1
GOVT.HIGHER PRIMARY SCHOOL KANUR,1,1,1,1
GOVT.HIGHER PRIMARY SCHOOL KANUR,1,1,1,1
GOVT.HIGHER PRIMARY SCHOOL KANUR,1,1,1,1
GOVT.HIGHER PRIMARY SCHOOL KANUR,0,0,1,1
GOVT.HIGHER PRIMARY SCHOOL KOLABAL,0,1,1,1
GOVT.HIGHER PRIMARY SCHOOL KOLABAL,1,1,1,1
GOVT.HIGHER PRIMARY SCHOOL HANCHINAL U,0,1,1,1
GOVT.HIGHER PRIMARY SCHOOL KOLABAL,1,1,0,1
GOVT.HIGHER PRIMARY SCHOOL KOLABAL,1,1,1,1
GOVT.HIGHER PRIMARY SCHOOL KOLABAL,1,1,1,1
GOVT.HIGHER PRIMARY SCHOOL KOLABAL,1,1,1,0
GOVT.HIGHER PRIMARY SCHOOL KOLABAL,0,1,1,0
GOVT.HIGHER PRIMARY SCHOOL KOLABAL,0,1,0,1
GOVT.HIGHER PRIMARY SCHOOL KOLABAL,1,1,1,0
GOVT.HIGHER PRIMARY SCHOOL KOLABAL,1,1,1,0
GOVT.HIGHER PRIMARY SCHOOL KOLABAL,1,1,1,0
GOVT.HIGHER PRIMARY SCHOOL KOLABAL,1,1,1,0
GOVT.HIGHER PRIMARY SCHOOL KOLABAL,1,1,1,1
GOVT.HIGHER PRIMARY SCHOOL KOLABAL,1,1,1,1
GOVT.HIGHER PRIMARY SCHOOL KOLABAL,1,1,1,1
GOVT.HIGHER PRIMARY SCHOOL KOLABAL,1,1,1,1
GOVT.HIGHER PRIMARY SCHOOL KOLABAL,1,1,1,1
GOVT.HIGHER PRIMARY SCHOOL KOLABAL,1,1,1,1
GOVT.HIGHER PRIMARY SCHOOL KOLABAL,1,1,1,1
GOVT.HIGHER PRIMARY SCHOOL KOLABAL,1,1,1,1
GOVT.HIGHER PRIMARY SCHOOL KOLABAL,1,1,1,1
GOVT.HIGHER PRIMARY SCHOOL KOLABAL,1,1,1,1
GOVT.HIGHER PRIMARY SCHOOL KOLABAL,1,1,0,1
GOVT.HIGHER PRIMARY SCHOOL KOLABAL,1,1,0,1
GOVT.HIGHER PRIMARY SCHOOL KOLABAL,1,1,1,1
GOVT.HIGHER PRIMARY SCHOOL KOLABAL,1,1,0,1
GOVT.HIGHER PRIMARY SCHOOL KOLABAL,1,0,1,1
GHPS MANCHANABALE,1,1,0,1
GHPS MANCHANABALE,1,1,0,0
GHPS MANCHANABALE,1,1,0,0
GHPS MANCHANABALE,1,1,0,1
GHPS MANCHANABALE,1,0,1,1
GHPS MANCHANABALE,1,1,1,1
GHPS MANCHANABALE,1,0,0,1
GHPS MANCHANABALE,1,1,0,0
GHPS MANCHANABALE,1,1,0,0
GHPS MANCHANABALE,1,0,0,1
GHPS MANCHANABALE,1,1,0,1
GHPS MANCHANABALE,1,1,0,1
GHPS MANCHANABALE,1,1,1,1
GHPS MANCHANABALE,1,1,0,0
GHPS MANCHANABALE,1,0,0,0
GHPS MANCHANABALE,1,1,0,1
GHPS MANCHANABALE,1,1,0,1
GHPS MANCHANABALE,1,1,1,0
GHPS MANCHANABALE,1,1,1,1
GHPS MANCHANABALE,1,1,0,0
GHPS MANCHANABALE,1,0,0,0
GHPS MANCHANABALE,0,1,0,1
GHPS MANCHANABALE,1,1,0,1
GHPS MANCHANABALE,1,1,1,1
GHPS GUNDLAGURKI,1,1,0,0
GHPS GUNDLAGURKI,0,0,0,0
GHPS GUNDLAGURKI,1,0,0,1
GHPS GUNDLAGURKI,0,0,0,0
GHPS GUNDLAGURKI,0,0,0,0
GHPS GUNDLAGURKI,1,1,0,1
GHPS GUNDLAGURKI,0,0,0,0
GHPS GUNDLAGURKI,1,0,0,0
GHPS GUNDLAGURKI,1,1,0,1
GLPS. SABBENAHALLY,1,1,0,0
GLPS. SABBENAHALLY,0,0,0,0
GLPS. SABBENAHALLY,1,1,0,1
GLPS. SABBENAHALLY,1,1,0,0
GLPS. SABBENAHALLY,1,1,1,1
GLPS. SABBENAHALLY,1,1,1,1
GLPS. SABBENAHALLY,1,1,0,0
GLPS PUTTATHIMMANAHALLI,1,1,0,1
GLPS PUTTATHIMMANAHALLI,1,1,0,0
GLPS PUTTATHIMMANAHALLI,1,1,1,0
GLPS PUTTATHIMMANAHALLI,1,1,0,1
GLPS PUTTATHIMMANAHALLI,0,0,0,0
GLPS PUTTATHIMMANAHALLI,0,0,0,0
GLPS PUTTATHIMMANAHALLI,1,1,1,0
G HPS YELEKYATHANAHALLI,1,0,0,0
G HPS BENACHANAHALLI,1,1,1,1
G HPS BENACHANAHALLI,1,1,1,1
G HPS BENACHANAHALLI,1,0,0,1
G HPS BENACHANAHALLI,1,0,0,1
G LPS BENACHANAHALLI COLONY,0,1,0,0
G HPS DASENAHALLI,1,0,1,1
G HPS DASENAHALLI,1,1,1,1
G HPS DASENAHALLI,1,1,0,1
G HPS DASENAHALLI,1,1,0,1
G HPS DASENAHALLI,1,1,1,0
G HPS DASENAHALLI,1,1,0,1
G HPS DASENAHALLI,1,0,0,0
G HPS DASENAHALLI,1,1,1,1
G HPS DASENAHALLI,0,0,0,0
G HPS DASENAHALLI,1,1,0,0
G HPS BARAGURU,1,1,0,0
G HPS BARAGURU,1,1,0,0
G HPS BARAGURU,1,0,0,0
G HPS BARAGURU,1,0,0,1
G LPS BARAGURU COLONY,1,1,1,1
G LPS HULLARAVE,1,1,0,1
G LPS HULLARAVE,1,0,0,1
G LPS HULLARAVE,1,1,1,0
G LPS HULLARAVE,1,1,0,1
G HPS KUNTA BOMMANAHALLI,1,1,0,1
G HPS KUNTA BOMMANAHALLI,1,1,1,1
G HPS KUNTA BOMMANAHALLI,1,1,0,1
G HPS KUNTA BOMMANAHALLI,1,1,1,0
G HPS MARALAKUNTE,1,1,0,0
G HPS MARALAKUNTE,1,0,1,1
G HPS MARALAKUNTE,1,1,0,0
G HPS MARALAKUNTE,1,0,0,1
G HPS MARALAKUNTE,1,1,1,1
G HPS MARALAKUNTE,1,1,1,1
G HPS MARALAKUNTE,1,1,0,1
G HPS MARALAKUNTE,1,1,1,1
G HPS MARALAKUNTE,1,1,0,0
G HPS MARALAKUNTE,0,0,0,0
G HPS SOMATHANAHALLI,1,1,1,1
G HPS SOMATHANAHALLI,1,1,0,0
G HPS SOMATHANAHALLI,1,0,0,1
G HPS SOMATHANAHALLI,1,1,0,0
G HPS SOMATHANAHALLI,1,1,0,1
G HPS SOMATHANAHALLI,1,0,0,1
G HPS SOMATHANAHALLI,1,1,0,1
G HPS SOMATHANAHALLI,1,1,0,0
G HPS GANGAVARA,1,1,0,0
G HPS GANGAVARA,1,0,0,0
G HPS GANGAVARA,1,0,0,0
G HPS GANGAVARA,1,1,0,0
G LPS NAGENAHALLI,1,1,1,1
G LPS CHOWDAPPANAHALLI,0,0,0,0
G LPS KAGGALAHALLI,1,1,1,1
G LPS KONDENAHALLI,1,1,0,1
G LPS KONDENAHALLI,0,0,0,1
G LPS KONDENAHALLI,1,1,0,0
G LPS KONDENAHALLI,0,0,0,0
G LPS KONDENAHALLI,0,0,0,0
GOVERNMENT HIGHER PRIMARY SCHOOL  T.N.KOTE,0,0,0,0
GOVERNMENT HIGHER PRIMARY SCHOOL  T.N.KOTE,0,0,0,0
GOVERNMENT HIGHER PRIMARY SCHOOL  T.N.KOTE,0,0,0,0
GOVERNMENT HIGHER PRIMARY SCHOOL  T.N.KOTE,0,0,0,0
GOVERNMENT HIGHER PRIMARY SCHOOL  T.N.KOTE,0,0,0,0
GOVERNMENT HIGHER PRIMARY SCHOOL  T.N.KOTE,1,0,0,1
GOVERNMENT HIGHER PRIMARY SCHOOL  T.N.KOTE,1,1,0,0
GOVERNMENT HIGHER PRIMARY SCHOOL  T.N.KOTE,1,0,0,0
GOVERNMENT HIGHER PRIMARY SCHOOL  T.N.KOTE,1,0,0,0
GOVERNMENT HIGHER PRIMARY SCHOOL  T.N.KOTE,1,0,0,0
GOVERNMENT HIGHER PRIMARY SCHOOL  T.N.KOTE,1,1,0,0
GOVERNMENT HIGHER PRIMARY SCHOOL  T.N.KOTE,1,0,1,1
GOVERNMENT HIGHER PRIMARY SCHOOL  T.N.KOTE,1,1,0,0
GOVERNMENT HIGHER PRIMARY SCHOOL  T.N.KOTE,1,0,1,0
GOVERNMENT HIGHER PRIMARY SCHOOL  T.N.KOTE,1,1,0,0
GOVERNMENT HIGHER PRIMARY SCHOOL  T.N.KOTE,1,1,0,0
GOVERNMENT HIGHER PRIMARY SCHOOL  T.N.KOTE,1,1,0,0
GOVERNMENT HIGHER PRIMARY SCHOOL  T.N.KOTE,1,0,0,1
GOVERNMENT HIGHER PRIMARY SCHOOL  T.N.KOTE,1,1,0,0
GOVERNMENT HIGHER PRIMARY SCHOOL  T.N.KOTE,1,1,0,0
GOVERNMENT HIGHER PRIMARY SCHOOL  T.N.KOTE,1,1,1,0
GOVERNMENT HIGHER PRIMARY SCHOOL  T.N.KOTE,1,1,0,0
GOVERNMENT HIGHER PRIMARY SCHOOL  T.N.KOTE,1,1,0,0
GOVERNMENT HIGHER PRIMARY SCHOOL  T.N.KOTE,1,1,1,1
GOVERNMENT HIGHER PRIMARY SCHOOL  T.N.KOTE,1,0,1,1
GOVERNMENT HIGHER PRIMARY SCHOOL  GOSIKERE,0,0,0,1
GOVERNMENT HIGHER PRIMARY SCHOOL  GOSIKERE,1,0,0,0
GOVERNMENT HIGHER PRIMARY SCHOOL  GOSIKERE,1,0,0,0
GOVERNMENT HIGHER PRIMARY SCHOOL  GOSIKERE,1,1,0,1
GOVERNMENT HIGHER PRIMARY SCHOOL  GOSIKERE,1,1,0,0
GOVERNMENT HIGHER PRIMARY SCHOOL  GOSIKERE,1,0,0,0
GOVERNMENT HIGHER PRIMARY SCHOOL  GOSIKERE,1,1,0,1
GOVERNMENT HIGHER PRIMARY SCHOOL  GOSIKERE,1,0,0,0
GOVERNMENT HIGHER PRIMARY SCHOOL  GOSIKERE,1,0,0,1
GOVERNMENT HIGHER PRIMARY SCHOOL  GOSIKERE,1,1,0,1
GOVERNMENT HIGHER PRIMARY SCHOOL  GOSIKERE,1,0,1,0
GOVERNMENT HIGHER PRIMARY SCHOOL  GOSIKERE,1,1,1,1
GOVERNMENT HIGHER PRIMARY SCHOOL  GOSIKERE,1,1,1,1
GOVERNMENT HIGHER PRIMARY SCHOOL  T.N.KOTE,1,0,0,1
GOVERNMENT HGIHER PRIMARY SCHOOL  TOREBEERANAHALLY,1,0,0,0
GOVERNMENT HGIHER PRIMARY SCHOOL  TOREBEERANAHALLY,1,1,0,1
GOVERNMENT HGIHER PRIMARY SCHOOL  TOREBEERANAHALLY,1,1,0,1
GOVERNMENT HGIHER PRIMARY SCHOOL  TOREBEERANAHALLY,1,1,0,1
GOVERNMENT LOWER PRIMARY SCHOOL  MELUKOTE,0,0,0,0
GOVERNMENT LOWER PRIMARY SCHOOL  MELUKOTE,1,1,0,0
GOVERNMENT LOWER PRIMARY SCHOOL  MELUKOTE,1,1,0,0
GOVERNMENT LOWER PRIMARY SCHOOL  MELUKOTE,1,0,0,0
GOVERNMENT LOWER PRIMARY SCHOOL  MELUKOTE,0,1,0,1
GOVERNMENT LOWER PRIMARY SCHOOL  MELUKOTE,1,1,0,0
GOVERNMENT LOWER PRIMARY SCHOOL  KONIGARAHALLY,1,1,0,0
GOVERNMENT LOWER PRIMARY SCHOOL  KONIGARAHALLY,1,0,0,0
GOVERNMENT LOWER PRIMARY SCHOOL  KONIGARAHALLY,1,1,0,1
GOVERNMENT LOWER PRIMARY SCHOOL  KONIGARAHALLY,1,1,1,1
GOVERNMENT LOWER PRIMARY SCHOOL  KONIGARAHALLY,0,0,0,1
GOVERNMENT LOWER PRIMARY SCHOOL GATAPARTHY HOSAKAPILE,0,0,1,1
GOVT.HIGHER PRIMARY SCHOOL MANJARALA,0,0,1,0
GOVT.HIGHER PRIMARY SCHOOL MANJARALA,1,1,1,1
GOVT.HIGHER PRIMARY SCHOOL MANJARALA,1,0,1,1
GOVT.HIGHER PRIMARY SCHOOL KAMALAPUR,0,1,1,1
GOVT.HIGHER PRIMARY SCHOOL KAMALAPUR,1,1,1,1
GOVT.HIGHER PRIMARY SCHOOL KAMALAPUR,0,1,1,1
GOVT.HIGHER PRIMARY SCHOOL ANWAR,1,1,1,1
GOVT.HIGHER PRIMARY SCHOOL ANWAR,1,1,1,1
GOVT.LOWER PRIMARY SCHOOL HOSAGONWAR,0,0,1,1
GOVT.LOWER PRIMARY SCHOOL HOSAGONWAR,1,1,1,1
GOVT.LOWER PRIMARY SCHOOL HOSAGONWAR,1,1,1,1
GOVT.LOWER PRIMARY SCHOOL HOSAGONWAR,1,1,1,0
GOVT.LOWER PRIMARY SCHOOL HOSAGONWAR,1,1,1,0
GOVT.LOWER PRIMARY SCHOOL HOSAGONWAR,0,0,1,1
GOVT.LOWER PRIMARY SCHOOL HOSAGONWAR,0,1,1,1
GOVT.LOWER PRIMARY SCHOOL HOSAGONWAR,1,1,1,1
GOVT.LOWER PRIMARY SCHOOL HOSAGONWAR,1,1,1,1
GOVT.LOWER PRIMARY SCHOOL HOSAGONWAR,1,1,1,1
GOVT.LOWER PRIMARY SCHOOL HOSAGONWAR,1,1,1,0
GOVT.LOWER PRIMARY SCHOOL HOSAGONWAR,1,1,1,1
GOVT.LOWER PRIMARY SCHOOL HOSAGONWAR,1,1,1,1
GOVT.HIGHER PRIMARY SCHOOL GONWAR,1,1,0,0
GOVT.HIGHER PRIMARY SCHOOL GONWAR,1,0,0,1
GOVT.HIGHER PRIMARY SCHOOL GONWAR,1,1,0,0
GOVT.HIGHER PRIMARY SCHOOL GONWAR,1,0,0,0
GOVT.HIGHER PRIMARY SCHOOL GONWAR,1,1,0,0
GOVT.HIGHER PRIMARY SCHOOL GONWAR,0,0,1,0
GOVT.HIGHER PRIMARY SCHOOL GONWAR,1,1,0,0
GOVT.HIGHER PRIMARY SCHOOL GONWAR,0,1,1,0
GOVT.HIGHER PRIMARY SCHOOL GONWAR,1,1,0,0
GOVT.HIGHER PRIMARY SCHOOL GONWAR,1,1,0,1
GOVT.HIGHER PRIMARY SCHOOL GONWAR,1,0,0,1
GOVT.HIGHER PRIMARY SCHOOL GONWAR,1,1,0,0
GOVT.HIGHER PRIMARY SCHOOL GONWAR,1,1,0,1
GOVT.HIGHER PRIMARY SCHOOL GONWAR,1,1,0,0
GHPS KANNADA GIRLS YALIWAL,1,1,1,1
GHPS KANNADA GIRLS YALIWAL,1,1,1,1
GHPS KANNADA GIRLS YALIWAL,1,1,1,1
GHPS KANNADA GIRLS YALIWAL,1,1,1,0
GHPS KANNADA GIRLS YALIWAL,1,1,1,1
GHPS KANNADA GIRLS YALIWAL,1,1,1,1
GHPS KANNADA GIRLS YALIWAL,1,1,1,0
GHPS KANNADA GIRLS YALIWAL,1,1,1,1
GHPS KANNADA GIRLS YALIWAL,1,1,0,1
GHPS KANNADA GIRLS YALIWAL,1,1,1,0
GHPS KANNADA GIRLS YALIWAL,1,1,1,0
GHPS KANNADA GIRLS YALIWAL,0,1,1,1
GHPS KANNADA GIRLS YALIWAL,1,1,1,1
GHPS KANNADA GIRLS YALIWAL,1,1,0,1
GHPS KANNADA GIRLS YALIWAL,1,1,1,1
GHPS KANNADA GIRLS YALIWAL,1,1,1,1
GHPS KANNADA GIRLS YALIWAL,1,0,0,1
GHPS KANNADA GIRLS YALIWAL,1,1,0,1
GHPS KANNADA GIRLS YALIWAL,1,1,0,0
GHPS KANNADA GIRLS YALIWAL,1,1,0,0
GHPS KANNADA GIRLS YALIWAL,1,1,1,1
GHPS KANNADA GIRLS YALIWAL,1,1,1,1
GHPS KANNADA GIRLS YALIWAL,1,1,0,0
GHPS KANNADA GIRLS YALIWAL,1,0,1,1
GHPS KANNADA GIRLS YALIWAL,1,0,0,0
GHPS KANNADA GIRLS YALIWAL,0,0,1,1
GHPS KANNADA GIRLS YALIWAL,1,1,1,1
GHPS KANNADA GIRLS YALIWAL,1,1,1,1
GHPS KANNADA GIRLS YALIWAL,1,1,1,1
GHPS KANNADA GIRLS YALIWAL,1,1,0,1
GHPS KANNADA GIRLS YALIWAL,1,0,0,1
GHPS KANNADA GIRLS YALIWAL,1,1,1,0
GHPS KANNADA GIRLS YALIWAL,0,0,0,0
GHPS KANNADA GIRLS YALIWAL,1,1,1,0
GHPS KANNADA GIRLS YALIWAL,1,1,1,0
GHPS KANNADA GIRLS YALIWAL,0,0,0,0
GHPS KANNADA GIRLS YALIWAL,1,1,1,1
GHPS KANNADA GIRLS YALIWAL,1,0,0,0
GHPS KANNADA GIRLS YALIWAL,1,1,1,0
GHPS KANNADA GIRLS YALIWAL,1,1,0,0
GHPS KANNADA GIRLS YALIWAL,1,1,0,0
GHPS KANNADA GIRLS YALIWAL,1,1,1,1
GHPS KANNADA GIRLS YALIWAL,1,1,1,0
GLPS (SWS) UTHANOOR,1,1,1,1
GLPS (SWS) UTHANOOR,1,1,1,0
GLPS (SWS) UTHANOOR,1,1,1,0
GLPS (SWS) UTHANOOR,1,1,1,0
GLPS (SWS) UTHANOOR,1,1,1,1
GLPS (SWS) UTHANOOR,1,1,0,1
GLPS (SWS) UTHANOOR,1,1,1,1
GLPS (SWS) UTHANOOR,1,1,1,1
GLPS (SWS) UTHANOOR,1,1,1,1
GLPS (SWS) UTHANOOR,1,1,0,1
GHPS UTHANOOR,1,1,1,1
GHPS UTHANOOR,1,1,1,1
GHPS UTHANOOR,1,1,1,1
GHPS UTHANOOR,1,1,1,1
GHPS UTHANOOR,1,1,1,1
GHPS UTHANOOR,1,0,1,0
GHPS UTHANOOR,1,1,1,1
GHPS UTHANOOR,1,0,1,1
GHPS UTHANOOR,1,1,0,0
GHPS UTHANOOR,1,0,1,1
GHPS UTHANOOR,1,0,1,0
GHPS UTHANOOR,1,0,1,0
GHPS UTHANOOR,1,0,0,0
GHPS UTHANOOR,1,1,1,1
GHPS UTHANOOR,1,1,1,1
GHPS UTHANOOR,1,1,1,1
GHPS UTHANOOR,1,1,1,1
GHPS UTHANOOR,0,1,1,1
GHPS UTHANOOR,0,1,1,0
GHPS UTHANOOR,0,1,1,1
GHPS UTHANOOR,0,1,1,1
GHPS UTHANOOR,0,1,1,0
GHPS UTHANOOR,0,1,1,0
GHPS UTHANOOR,0,0,1,1
GHPS UTHANOOR,1,1,0,1
GHPS UTHANOOR,0,0,1,0
GHPS & GHS MOTA SUGUR,1,1,1,1
GHPS & GHS MOTA SUGUR,1,1,1,1
GHPS & GHS MOTA SUGUR,1,1,1,1
GHPS & GHS MOTA SUGUR,1,1,1,1
GHPS & GHS MOTA SUGUR,1,1,1,1
GHPS & GHS MOTA SUGUR,0,1,1,1
GHPS & GHS MOTA SUGUR,1,1,0,1
GHPS & GHS MOTA SUGUR,1,1,0,0
GHPS & GHS MOTA SUGUR,1,1,1,1
GHPS & GHS MOTA SUGUR,1,1,1,1
GHPS & GHS MOTA SUGUR,0,1,1,0
GHPS & GHS MOTA SUGUR,1,0,1,1
GHPS & GHS MOTA SUGUR,0,0,0,0
GHPS & GHS MOTA SUGUR,1,1,1,0
GHPS & GHS MOTA SUGUR,1,1,1,1
GHPS & GHS MOTA SUGUR,0,1,1,1
GHPS   KOORIGANOOR,1,1,0,0
GHPS   KOORIGANOOR,1,1,0,1
GHPS   KOORIGANOOR,1,1,0,1
GHPS   KOORIGANOOR,1,1,0,1
GHPS   KOORIGANOOR,1,1,0,0
GHPS   KOORIGANOOR,1,1,0,1
GHPS   KOORIGANOOR,1,1,1,1
GHPS   KOORIGANOOR,1,1,0,1
GHPS   KOORIGANOOR,1,1,0,1
GHPS   KOORIGANOOR,0,1,0,1
GHPS   KOORIGANOOR,1,1,1,1
GHPS   KOORIGANOOR,1,1,0,1
GHPS   KOORIGANOOR,1,1,1,1
GHPS   KOORIGANOOR,0,1,1,1
GHPS   KOORIGANOOR,1,1,1,1
GHPS   KOORIGANOOR,0,1,1,1
GHPS   KOORIGANOOR,1,1,1,1
GHPS   KOORIGANOOR,1,1,1,1
GHPS   KOORIGANOOR,1,1,1,1
GHPS   KOORIGANOOR,0,0,1,1
GLPS BASAVANA PETE,1,1,1,1
GLPS BASAVANA PETE,1,1,1,1
GLPS BASAVANA PETE,1,1,1,1
GLPS BASAVANA PETE,1,1,1,1
GLPS BASAVANA PETE,1,1,1,1
GLPS BASAVANA PETE,1,1,1,1
GLPS BASAVANA PETE,1,1,0,0
GLPS BASAVANA PETE,1,1,0,1
GLPS BASAVANA PETE,1,0,0,1
GLPS BASAVANA PETE,0,0,0,0
GLPS BASAVANA PETE,0,1,0,1
GLPS BASAVANA PETE,1,0,0,1
GLPS BASAVANA PETE,1,0,0,1
GLPS BASAVANA PETE,1,0,0,1
GLPS BASAVANA PETE,0,0,1,1
GLPS BASAVANA PETE,1,1,0,1
GHPS JANATA COLONY,0,0,0,0
GHPS JANATA COLONY,1,1,0,0
GHPS JANATA COLONY,1,1,0,1
GHPS JANATA COLONY,1,1,0,0
GHPS JANATA COLONY,1,1,0,0
GHPS JANATA COLONY,1,1,0,0
GHPS JANATA COLONY,1,0,0,1
GHPS JANATA COLONY,1,0,0,1
GHPS JANATA COLONY,1,1,0,1
GHPS JANATA COLONY,1,0,0,1
GHPS JANATA COLONY,1,0,0,1
GHPS JANATA COLONY,1,0,0,1
GHPS JANATA COLONY,1,0,0,1
GHPS JANATA COLONY,1,1,0,1
GHPS JANATA COLONY,1,0,0,1
GHPS JANATA COLONY,1,1,0,1
GHPS JANATA COLONY,1,1,0,1
GHPS   SIRIGERI,1,1,1,1
GHPS   SIRIGERI,1,1,1,1
GHPS   SIRIGERI,1,1,0,1
GHPS   SIRIGERI,1,0,0,0
GHPS   SIRIGERI,1,0,0,0
GHPS   SIRIGERI,1,0,0,0
GHPS   SIRIGERI,1,0,0,0
GHPS   SIRIGERI,0,0,0,0
GHPS   SIRIGERI,0,0,0,0
GHPS   SIRIGERI,0,0,0,0
GHPS   SIRIGERI,1,0,0,0
GHPS   SIRIGERI,1,1,0,0
GHPS   SIRIGERI,1,0,0,0
GHPS   SIRIGERI,1,1,0,0
GHPS   SIRIGERI,1,1,0,0
GHPS   SIRIGERI,1,1,1,1
GHPS   SIRIGERI,1,1,0,0
GHPS   SIRIGERI,1,1,1,1
GHPS   SIRIGERI,1,0,0,0
GHPS   SIRIGERI,1,0,0,0
GHPS   SIRIGERI,1,1,0,1
GHPS   SIRIGERI,1,1,0,0
GMHPS  SIRIGERI,1,0,0,0
GMHPS  SIRIGERI,1,0,0,0
GMHPS  SIRIGERI,1,0,0,0
GMHPS  SIRIGERI,1,0,0,0
GMHPS  SIRIGERI,1,0,0,0
GMHPS  SIRIGERI,1,1,0,0
GMHPS  SIRIGERI,1,1,0,0
GMHPS  SIRIGERI,1,1,1,0
GMHPS  SIRIGERI,1,1,1,0
GMHPS  SIRIGERI,1,1,0,0
GMHPS  SIRIGERI,1,0,0,0
GMHPS  SIRIGERI,1,0,0,1
GMHPS  SIRIGERI,1,1,1,0
GMHPS  SIRIGERI,1,0,0,0
GMHPS  SIRIGERI,1,1,0,0
GMHPS  SIRIGERI,1,1,1,1
GMHPS  SIRIGERI,1,1,1,1
GHPS    SIRIGERI,1,1,0,1
GHPS    SIRIGERI,1,1,0,1
GHPS    SIRIGERI,1,1,0,1
GHPS    SIRIGERI,1,1,0,1
GHPS    SIRIGERI,1,1,1,1
GHPS    SIRIGERI,1,1,0,1
GHPS    SIRIGERI,1,1,1,0
GHPS    SIRIGERI,1,1,0,1
GHPS    SIRIGERI,0,0,0,0
GHPS    SIRIGERI,1,1,1,1
GHPS    SIRIGERI,1,1,1,0
GHPS    SIRIGERI,1,1,0,0
GHPS    SIRIGERI,1,1,0,0
GHPS    SIRIGERI,1,0,0,1
GHPS    SIRIGERI,1,1,0,0
GHPS    SIRIGERI,1,1,0,0
GHPS    SIRIGERI,1,1,0,0
GHPS    SIRIGERI,1,1,0,0
GHPS    SIRIGERI,1,1,0,0
GHPS    SIRIGERI,1,1,0,0
GHPS    SIRIGERI,0,0,0,0
GHPS    SIRIGERI,1,0,0,1
GHPS    SIRIGERI,0,0,0,1
GHPS    SIRIGERI,0,0,0,0
GHPS    SIRIGERI,0,0,0,0
GHPS MADDUR,1,1,1,1
GHPS MADDUR,1,0,1,1
GHPS MADDUR,0,0,1,0
GHPS MADDUR,0,1,0,1
GHPS MADDUR,1,1,0,1
GHPS MADDUR,1,1,0,0
GHPS MADDUR,1,0,0,0
GHPS MADDUR,0,0,0,0
GHPS MADDUR,1,1,0,0
GHPS MADDUR,1,1,0,0
GHPS MADDUR,0,0,1,0
GHPS MADDUR,1,0,0,0
GHPS MADDUR,0,1,0,0
GHPS MADDUR,1,0,0,0
GHPS MADDUR,0,0,0,0
GHPS MADDUR,0,0,0,1
GHPS MADDUR,1,0,0,0
GHPS MADDUR,1,0,0,0
GHPS MADDUR,0,0,0,0
GHPS MADDUR,0,0,0,0
GHPS MADDUR,1,0,0,0
GHPS MADDUR,1,0,0,1
GHPS MADDUR,0,0,0,0
GHPS MADDUR,1,0,0,1
GHPS MADDUR,1,1,0,1
GHPS MADDUR,1,1,0,1
GHPS MADDUR,1,0,1,1
GHPS MADDUR,1,1,0,0
GHPS MADDUR,1,0,0,1
GHPS MADDUR,1,0,0,1
GHPS MADDUR,1,1,0,0
GHPS MADDUR,1,1,0,1
GHPS MADDUR,1,0,0,0
GHPS MADDUR,1,1,0,0
GHPS MADDUR,1,0,0,0
GHPS BOODI THITTU -1,1,0,0,0
GHPS BOODI THITTU -1,1,1,0,0
GHPS BOODI THITTU -1,1,0,0,1
GHPS BOODI THITTU -1,1,1,1,1
GHPS MALLIGAHALLI,1,1,0,1
GHPS MALLIGAHALLI,0,1,0,0
GHPS MALLIGAHALLI,1,0,0,1
GHPS MALLIGAHALLI,1,0,0,0
GHPS MALLIGAHALLI,1,1,0,0
GHPS MALLIGAHALLI,0,0,0,0
GHPS MALLIGAHALLI,1,0,0,0
GHPS MALLIGAHALLI,1,1,0,0
GHPS MALLIGAHALLI,1,1,0,0
GHPS MALLIGAHALLI,0,1,0,0
GHPS MALLIGAHALLI,1,1,0,0
GHPS MALLIGAHALLI,1,0,1,0
GHPS MALLIGAHALLI,1,1,0,1
GHPS MALLIGAHALLI,1,0,0,1
GHPS MALLIGAHALLI,0,1,0,0
GHPS MALLIGAHALLI,1,1,0,1
